sale_id,customer_key,product_key,store_key,date_key,quantity,discount_pct,gross_amount,discount_amount,net_amount
1,20,9,10,500,11,20.0,1770.4499999999998,354.09,1416.36
717,40,5,4,500,19,0.0,1854.7800000000002,0.0,1854.7800000000002
969,14,4,3,500,1,0.0,252.01,0.0,252.01
24,86,9,10,257,15,0.0,2414.25,0.0,2414.25
991,11,7,9,257,9,20.0,3371.7599999999998,674.352,2697.408
18,58,9,10,258,5,20.0,804.75,160.95000000000002,643.8
801,46,34,2,258,1,0.0,172.07,0.0,172.07
279,92,34,1,258,8,5.0,1376.56,68.828,1307.732
266,54,11,5,258,17,0.0,4408.44,0.0,4408.44
317,54,9,10,219,7,10.0,1126.6499999999999,112.66499999999999,1013.9849999999999
937,55,48,3,219,6,0.0,674.22,0.0,674.22
567,25,24,5,219,11,0.0,2800.6,0.0,2800.6
307,19,9,10,438,17,15.0,2736.1499999999996,410.42249999999996,2325.7274999999995
141,29,37,4,438,3,0.0,1471.08,0.0,1471.08
460,5,26,7,438,4,0.0,1546.36,0.0,1546.36
103,10,9,10,45,19,15.0,3058.0499999999997,458.7074999999999,2599.3424999999997
231,93,10,9,45,7,0.0,1930.8799999999999,0.0,1930.8799999999999
378,27,43,10,20,6,20.0,1155.72,231.144,924.576
505,22,12,7,20,3,20.0,965.4000000000001,193.08000000000004,772.32
28,70,4,10,313,4,0.0,1008.04,0.0,1008.04
273,67,20,10,313,5,15.0,1630.5,244.575,1385.925
677,35,4,10,90,14,0.0,3528.14,0.0,3528.14
916,78,8,4,90,4,10.0,1453.04,145.304,1307.7359999999999
66,96,21,3,90,12,20.0,4053.24,810.648,3242.5919999999996
667,84,33,6,90,3,0.0,1431.03,0.0,1431.03
468,84,13,10,486,12,15.0,1592.7599999999998,238.91399999999996,1353.8459999999998
726,63,2,8,486,5,20.0,481.0,96.2,384.8
703,30,33,10,419,3,10.0,1431.03,143.103,1287.927
110,19,40,6,419,17,0.0,1760.35,0.0,1760.35
381,33,23,10,326,19,0.0,2333.01,0.0,2333.01
981,19,30,5,326,3,10.0,440.93999999999994,44.093999999999994,396.84599999999995
78,76,11,10,210,3,0.0,777.96,0.0,777.96
37,68,18,9,210,1,10.0,222.85,22.285,200.565
458,51,11,10,549,2,10.0,518.64,51.864000000000004,466.77599999999995
516,90,8,8,549,18,15.0,6538.68,980.802,5557.878000000001
223,42,46,2,549,17,0.0,7917.07,0.0,7917.07
695,22,42,6,549,1,5.0,247.79,12.3895,235.4005
76,93,11,10,360,18,10.0,4667.76,466.77600000000007,4200.984
906,29,33,5,360,9,15.0,4293.09,643.9635,3649.1265000000003
794,74,14,5,360,14,5.0,4186.56,209.32800000000003,3977.2320000000004
626,57,11,10,521,3,10.0,777.96,77.796,700.164
985,82,13,6,521,14,10.0,1858.2199999999998,185.822,1672.3979999999997
960,88,11,10,136,14,10.0,3630.48,363.048,3267.432
166,10,15,10,192,17,10.0,8324.220000000001,832.4220000000001,7491.798000000001
693,40,6,4,192,3,5.0,568.71,28.435500000000005,540.2745
601,75,15,10,331,8,15.0,3917.28,587.592,3329.688
261,36,43,7,331,15,5.0,2889.3,144.465,2744.835
499,21,15,10,185,8,20.0,3917.28,783.4560000000001,3133.824
566,44,22,5,185,13,20.0,5634.72,1126.9440000000002,4507.776
251,38,46,7,185,18,20.0,8382.779999999999,1676.5559999999998,6706.223999999999
41,47,41,10,315,9,10.0,1273.95,127.39500000000001,1146.555
401,17,27,4,315,10,15.0,313.7,47.055,266.645
127,35,49,8,315,13,20.0,4405.18,881.0360000000001,3524.1440000000002
281,61,41,10,9,9,15.0,1273.95,191.0925,1082.8575
346,17,50,5,9,18,20.0,3343.32,668.6640000000001,2674.656
685,78,41,10,534,16,10.0,2264.8,226.48000000000002,2038.3200000000002
466,74,17,6,534,6,15.0,2723.94,408.591,2315.349
469,88,41,10,451,11,20.0,1557.0500000000002,311.4100000000001,1245.64
928,55,2,10,451,1,5.0,96.2,4.8100000000000005,91.39
876,49,4,9,451,17,5.0,4284.17,214.20850000000002,4069.9615
869,24,48,10,304,6,5.0,674.22,33.711000000000006,640.509
595,22,2,10,304,17,20.0,1635.4,327.08000000000004,1308.3200000000002
445,82,29,10,523,4,10.0,961.08,96.108,864.972
464,56,29,4,523,3,15.0,720.8100000000001,108.12150000000001,612.6885000000001
650,37,29,10,40,18,10.0,4324.860000000001,432.4860000000001,3892.3740000000007
350,77,29,10,114,12,5.0,2883.2400000000002,144.162,2739.0780000000004
856,75,14,4,114,1,15.0,299.04,44.856,254.18400000000003
920,94,2,8,114,17,15.0,1635.4,245.31,1390.0900000000001
487,56,29,10,405,12,0.0,2883.2400000000002,0.0,2883.2400000000002
427,94,20,5,405,11,0.0,3587.1000000000004,0.0,3587.1000000000004
625,62,7,10,447,5,5.0,1873.1999999999998,93.66,1779.5399999999997
668,65,7,2,447,12,0.0,4495.68,0.0,4495.68
712,4,44,10,332,8,5.0,1627.2,81.36000000000001,1545.8400000000001
589,59,30,4,332,18,20.0,2645.64,529.128,2116.5119999999997
463,10,34,9,332,3,20.0,516.21,103.24200000000002,412.968
118,80,44,10,416,6,5.0,1220.4,61.02000000000001,1159.38
636,70,14,10,303,7,20.0,2093.28,418.65600000000006,1674.6240000000003
465,17,4,4,303,15,5.0,3780.1499999999996,189.0075,3591.1424999999995
642,20,13,9,303,7,10.0,929.1099999999999,92.911,836.1989999999998
216,100,13,2,303,6,0.0,796.3799999999999,0.0,796.3799999999999
743,72,31,3,303,2,10.0,885.82,88.58200000000001,797.238
7,87,24,7,303,12,15.0,3055.2,458.28,2596.92
183,13,14,10,48,3,0.0,897.1200000000001,0.0,897.1200000000001
234,76,39,8,48,16,5.0,2556.64,127.832,2428.808
630,8,6,10,339,10,0.0,1895.6999999999998,0.0,1895.6999999999998
704,35,35,10,339,2,0.0,561.7,0.0,561.7
39,96,42,3,339,19,15.0,4708.01,706.2015,4001.8085
776,8,6,10,238,17,20.0,3222.69,644.538,2578.152
36,5,6,10,424,17,5.0,3222.69,161.1345,3061.5555
727,15,39,8,424,13,20.0,2077.27,415.454,1661.816
602,62,34,6,424,13,5.0,2236.91,111.8455,2125.0645
438,51,1,6,424,18,20.0,8951.039999999999,1790.2079999999999,7160.831999999999
611,40,6,10,24,18,15.0,3412.2599999999998,511.83899999999994,2900.421
745,64,10,8,24,17,20.0,4689.28,937.856,3751.424
564,86,8,10,560,8,15.0,2906.08,435.912,2470.168
125,12,37,7,560,3,20.0,1471.08,294.216,1176.864
511,90,8,10,362,12,10.0,4359.12,435.91200000000003,3923.2079999999996
548,59,8,10,432,1,0.0,363.26,0.0,363.26
472,6,29,9,432,1,20.0,240.27,48.054,192.216
230,87,47,10,168,4,15.0,178.0,26.7,151.3
305,36,47,10,8,2,20.0,89.0,17.8,71.2
766,38,47,10,439,15,10.0,667.5,66.75,600.75
455,88,47,10,324,13,15.0,578.5,86.77499999999999,491.725
894,71,7,4,324,3,5.0,1123.92,56.196000000000005,1067.7240000000002
974,7,47,1,324,10,15.0,445.0,66.75,378.25
178,62,35,10,42,2,0.0,561.7,0.0,561.7
827,23,5,3,42,18,5.0,1757.16,87.858,1669.3020000000001
467,17,35,10,135,17,0.0,4774.450000000001,0.0,4774.450000000001
295,44,35,10,299,8,15.0,2246.8,337.02000000000004,1909.7800000000002
353,13,34,3,299,17,0.0,2925.19,0.0,2925.19
319,16,25,10,478,8,20.0,2322.24,464.448,1857.792
22,58,25,10,163,15,15.0,4354.2,653.13,3701.0699999999997
121,32,38,9,163,17,20.0,797.64,159.52800000000002,638.112
883,49,6,8,163,16,5.0,3033.12,151.656,2881.464
638,68,18,8,163,3,10.0,668.55,66.855,601.6949999999999
984,60,49,10,234,1,20.0,338.86,67.772,271.088
929,3,6,4,234,10,10.0,1895.6999999999998,189.57,1706.1299999999999
902,83,21,7,234,9,10.0,3039.93,303.993,2735.937
670,73,49,10,371,19,15.0,6438.34,965.751,5472.589
729,25,17,4,371,5,15.0,2269.95,340.49249999999995,1929.4575
482,75,27,5,371,5,15.0,156.85,23.5275,133.3225
793,11,49,10,553,8,0.0,2710.88,0.0,2710.88
905,30,25,2,553,6,15.0,1741.6799999999998,261.25199999999995,1480.4279999999999
603,62,42,10,431,10,15.0,2477.9,371.685,2106.215
796,6,42,10,249,14,20.0,3469.06,693.812,2775.248
781,76,2,6,249,13,5.0,1250.6000000000001,62.53000000000001,1188.0700000000002
979,85,42,10,124,13,10.0,3221.27,322.127,2899.143
659,5,32,10,156,17,5.0,6398.46,319.923,6078.537
392,5,14,2,156,11,0.0,3289.44,0.0,3289.44
483,16,3,10,352,6,15.0,113.16,16.974,96.18599999999999
484,8,17,4,352,7,0.0,3177.9300000000003,0.0,3177.9300000000003
341,41,13,3,352,8,5.0,1061.84,53.092,1008.7479999999999
964,16,13,1,352,2,5.0,265.46,13.273,252.18699999999998
829,46,22,10,236,19,0.0,8235.36,0.0,8235.36
575,18,22,10,307,11,10.0,4767.84,476.78400000000005,4291.0560000000005
562,57,38,10,350,3,5.0,140.76,7.038,133.72199999999998
692,1,36,10,495,15,5.0,4356.3,217.81500000000003,4138.485000000001
51,63,22,5,495,14,20.0,6068.16,1213.632,4854.528
963,46,21,10,512,16,10.0,5404.32,540.432,4863.888
203,71,25,4,512,17,5.0,4934.759999999999,246.73799999999997,4688.021999999999
655,33,18,1,512,9,20.0,2005.6499999999999,401.13,1604.52
725,23,20,10,217,9,15.0,2934.9,440.235,2494.665
8,15,17,6,217,19,5.0,8625.81,431.2905,8194.5195
805,62,39,10,145,1,0.0,159.79,0.0,159.79
197,100,39,10,199,13,10.0,2077.27,207.727,1869.543
366,33,48,8,199,19,15.0,2135.03,320.2545,1814.7755000000002
534,52,17,1,199,11,15.0,4993.89,749.0835000000001,4244.806500000001
20,62,2,10,215,14,20.0,1346.8,269.36,1077.44
732,66,2,8,215,14,5.0,1346.8,67.34,1279.46
397,37,2,10,174,19,0.0,1827.8,0.0,1827.8
525,63,24,10,84,13,20.0,3309.7999999999997,661.96,2647.8399999999997
314,15,3,1,84,13,10.0,245.18,24.518,220.662
446,30,12,10,270,11,5.0,3539.8,176.99,3362.8100000000004
583,41,33,9,270,12,15.0,5724.12,858.6179999999999,4865.502
153,26,26,1,270,5,0.0,1932.9499999999998,0.0,1932.9499999999998
791,69,5,6,270,11,0.0,1073.8200000000002,0.0,1073.8200000000002
123,84,12,10,544,18,5.0,5792.400000000001,289.62000000000006,5502.780000000001
804,13,29,2,544,19,0.0,4565.13,0.0,4565.13
176,24,30,10,325,13,5.0,1910.7399999999998,95.53699999999999,1815.2029999999997
11,66,46,10,441,8,20.0,3725.68,745.136,2980.544
533,99,7,7,441,11,10.0,4121.04,412.10400000000004,3708.9359999999997
571,25,46,10,64,16,20.0,7451.36,1490.272,5961.088
245,50,4,4,64,3,5.0,756.03,37.8015,718.2284999999999
942,93,15,6,64,3,0.0,1468.98,0.0,1468.98
275,13,45,10,529,15,5.0,6354.900000000001,317.74500000000006,6037.155000000001
128,33,17,4,529,4,20.0,1815.96,363.192,1452.768
409,4,45,10,316,16,0.0,6778.56,0.0,6778.56
519,73,46,3,316,9,20.0,4191.389999999999,838.2779999999999,3353.1119999999996
357,82,45,10,341,18,5.0,7625.88,381.29400000000004,7244.586
477,75,47,3,341,12,10.0,534.0,53.400000000000006,480.6
491,67,37,10,67,4,0.0,1961.44,0.0,1961.44
362,10,16,10,31,12,10.0,2982.0,298.2,2683.8
258,89,12,5,31,2,0.0,643.6,0.0,643.6
944,65,48,6,31,15,10.0,1685.5500000000002,168.55500000000004,1516.9950000000001
552,23,18,10,357,15,15.0,3342.75,501.41249999999997,2841.3375
389,81,18,10,30,5,0.0,1114.25,0.0,1114.25
419,34,34,7,30,5,0.0,860.3499999999999,0.0,860.3499999999999
67,48,28,10,537,3,0.0,1491.99,0.0,1491.99
365,5,33,8,537,11,5.0,5247.11,262.3555,4984.7545
861,91,28,10,92,19,5.0,9449.27,472.46350000000007,8976.8065
737,51,40,10,358,16,5.0,1656.8,82.84,1573.96
895,1,25,4,358,15,0.0,4354.2,0.0,4354.2
870,25,13,3,358,5,15.0,663.65,99.5475,564.1025
57,90,40,10,309,6,20.0,621.3,124.25999999999999,497.03999999999996
429,57,36,2,309,4,10.0,1161.68,116.168,1045.5120000000002
253,8,9,4,93,3,5.0,482.84999999999997,24.1425,458.7075
802,12,25,9,93,17,5.0,4934.759999999999,246.73799999999997,4688.021999999999
800,90,43,4,150,6,0.0,1155.72,0.0,1155.72
400,83,46,6,150,5,15.0,2328.5499999999997,349.28249999999997,1979.2674999999997
764,74,43,4,322,6,20.0,1155.72,231.144,924.576
209,16,42,9,322,19,0.0,4708.01,0.0,4708.01
168,24,9,2,322,12,0.0,1931.3999999999999,0.0,1931.3999999999999
371,11,25,3,322,4,10.0,1161.12,116.112,1045.0079999999998
872,52,13,4,241,5,5.0,663.65,33.1825,630.4675
217,53,13,4,3,11,5.0,1460.03,73.00150000000001,1387.0285
893,49,24,9,3,19,5.0,4837.4,241.87,4595.53
206,95,33,4,73,12,10.0,5724.12,572.412,5151.708
775,29,15,2,73,3,5.0,1468.98,73.449,1395.531
498,19,38,5,73,11,5.0,516.12,25.806,490.314
851,41,33,4,456,5,10.0,2385.05,238.50500000000002,2146.545
164,21,7,4,456,13,20.0,4870.32,974.064,3896.256
430,17,50,3,456,13,15.0,2414.62,362.193,2052.4269999999997
958,35,25,1,456,15,5.0,4354.2,217.71,4136.49
888,20,23,4,189,7,20.0,859.5300000000001,171.90600000000003,687.624
102,23,2,6,189,15,5.0,1443.0,72.15,1370.85
195,19,23,4,226,2,10.0,245.58,24.558000000000003,221.02200000000002
157,7,16,9,226,13,20.0,3230.5,646.1,2584.4
736,39,1,2,226,7,0.0,3480.96,0.0,3480.96
405,1,40,1,226,7,20.0,724.85,144.97,579.88
403,78,41,5,226,5,15.0,707.75,106.1625,601.5875
452,52,11,4,402,15,15.0,3889.7999999999997,583.4699999999999,3306.33
86,92,24,9,402,12,5.0,3055.2,152.76,2902.4399999999996
81,51,39,8,402,6,20.0,958.74,191.74800000000002,766.992
607,55,11,4,170,1,0.0,259.32,0.0,259.32
527,61,20,5,170,11,15.0,3587.1000000000004,538.065,3049.0350000000003
12,32,23,7,170,13,15.0,1596.27,239.4405,1356.8295
43,55,34,7,170,2,20.0,344.14,68.828,275.312
84,29,34,4,242,3,0.0,516.21,0.0,516.21
599,4,46,7,242,2,15.0,931.42,139.713,791.707
691,35,34,4,545,4,10.0,688.28,68.828,619.452
349,84,32,8,545,9,5.0,3387.42,169.371,3218.049
768,31,12,5,545,17,0.0,5470.6,0.0,5470.6
135,65,19,4,197,15,0.0,2723.1,0.0,2723.1
658,10,37,2,197,1,15.0,490.36,73.554,416.80600000000004
554,38,47,3,197,5,0.0,222.5,0.0,222.5
882,85,19,4,493,3,15.0,544.62,81.693,462.927
911,16,44,3,493,19,10.0,3864.6,386.46000000000004,3478.14
83,57,35,1,493,2,20.0,561.7,112.34000000000002,449.36
254,65,15,4,452,10,15.0,4896.6,734.49,4162.110000000001
740,67,45,2,452,16,10.0,6778.56,677.8560000000001,6100.704000000001
507,70,15,4,194,2,20.0,979.32,195.86400000000003,783.456
4,16,35,4,194,13,10.0,3651.05,365.105,3285.945
294,58,42,5,194,3,20.0,743.37,148.674,594.696
573,10,15,4,115,13,5.0,6365.58,318.279,6047.3009999999995
252,83,15,4,319,11,10.0,5386.26,538.6260000000001,4847.634
995,12,39,3,319,17,20.0,2716.43,543.286,2173.144
568,17,41,4,274,12,15.0,1698.6000000000001,254.79000000000002,1443.8100000000002
497,51,1,7,274,9,0.0,4475.5199999999995,0.0,4475.5199999999995
970,95,48,4,392,11,15.0,1236.0700000000002,185.4105,1050.6595000000002
849,57,46,8,392,9,5.0,4191.389999999999,209.56949999999998,3981.8204999999994
30,54,29,4,365,4,20.0,961.08,192.216,768.864
282,39,49,2,365,1,15.0,338.86,50.829,288.031
167,73,7,4,377,14,5.0,5244.96,262.248,4982.712
785,95,26,9,377,15,5.0,5798.849999999999,289.9425,5508.907499999999
488,25,21,8,377,16,5.0,5404.32,270.216,5134.103999999999
665,40,29,2,377,11,15.0,2642.9700000000003,396.44550000000004,2246.5245000000004
165,36,14,7,377,19,10.0,5681.76,568.176,5113.584
3,8,44,4,420,14,10.0,2847.6,284.76,2562.84
621,79,50,4,420,8,10.0,1485.92,148.592,1337.328
823,40,8,1,420,8,5.0,2906.08,145.304,2760.776
772,52,44,4,391,13,15.0,2644.2000000000003,396.63000000000005,2247.57
833,54,26,3,391,8,10.0,3092.72,309.272,2783.448
187,30,44,4,198,5,20.0,1017.0,203.4,813.6
383,99,10,4,198,17,0.0,4689.28,0.0,4689.28
860,82,26,8,198,14,20.0,5412.259999999999,1082.452,4329.807999999999
485,4,44,4,533,1,0.0,203.4,0.0,203.4
250,37,1,5,533,16,0.0,7956.48,0.0,7956.48
119,2,44,4,480,1,5.0,203.4,10.170000000000002,193.23000000000002
676,38,37,2,480,5,15.0,2451.8,367.77000000000004,2084.03
479,55,20,6,480,15,20.0,4891.5,978.3000000000001,3913.2
514,49,17,4,455,9,10.0,4085.91,408.591,3677.319
594,53,39,8,455,2,10.0,319.58,31.958,287.62199999999996
953,51,23,6,455,13,20.0,1596.27,319.254,1277.016
684,50,32,6,455,9,15.0,3387.42,508.113,2879.3070000000002
298,45,17,4,348,13,10.0,5901.87,590.187,5311.683
941,7,36,4,348,18,5.0,5227.56,261.37800000000004,4966.182000000001
131,51,47,3,348,10,0.0,445.0,0.0,445.0
780,68,14,4,193,15,15.0,4485.6,672.84,3812.76
738,70,12,4,193,8,20.0,2574.4,514.88,2059.52
520,26,50,3,193,17,20.0,3157.58,631.5160000000001,2526.064
713,89,14,4,390,7,15.0,2093.28,313.992,1779.2880000000002
609,3,6,4,347,7,0.0,1326.99,0.0,1326.99
968,85,14,8,347,3,5.0,897.1200000000001,44.85600000000001,852.2640000000001
425,54,22,2,347,9,10.0,3900.96,390.096,3510.864
435,14,22,1,347,8,20.0,3467.52,693.504,2774.016
730,17,25,5,347,16,20.0,4644.48,928.896,3715.584
977,33,8,4,528,19,5.0,6901.94,345.097,6556.843
440,64,26,7,528,6,0.0,2319.54,0.0,2319.54
649,38,8,4,425,1,15.0,363.26,54.489,308.771
92,76,20,4,425,4,10.0,1304.4,130.44000000000003,1173.96
161,29,26,9,425,3,15.0,1159.77,173.9655,985.8045
122,91,34,7,425,13,0.0,2236.91,0.0,2236.91
939,32,15,7,425,10,5.0,4896.6,244.83000000000004,4651.77
544,88,8,4,353,18,5.0,6538.68,326.934,6211.746
871,71,9,9,353,9,10.0,1448.55,144.855,1303.695
199,61,49,2,353,12,10.0,4066.32,406.63200000000006,3659.688
774,15,47,4,15,6,15.0,267.0,40.05,226.95
287,62,47,4,423,9,0.0,400.5,0.0,400.5
828,1,47,4,437,16,15.0,712.0,106.8,605.2
786,36,29,2,437,4,15.0,961.08,144.162,816.918
315,31,28,2,437,15,20.0,7459.95,1491.99,5967.96
63,58,45,7,437,2,0.0,847.32,0.0,847.32
501,82,35,4,253,8,0.0,2246.8,0.0,2246.8
503,42,25,4,155,4,5.0,1161.12,58.056,1103.0639999999999
688,34,36,1,155,7,20.0,2032.94,406.588,1626.352
88,47,5,1,155,9,15.0,878.58,131.787,746.793
513,34,25,4,496,8,0.0,2322.24,0.0,2322.24
852,35,1,5,496,2,15.0,994.56,149.184,845.376
530,36,25,4,409,8,15.0,2322.24,348.33599999999996,1973.9039999999998
80,16,49,4,139,9,20.0,3049.7400000000002,609.9480000000001,2439.7920000000004
416,72,10,5,139,9,15.0,2482.56,372.38399999999996,2110.176
909,93,49,4,184,4,10.0,1355.44,135.544,1219.896
402,85,49,4,268,17,10.0,5760.62,576.062,5184.558
837,63,50,4,231,11,0.0,2043.14,0.0,2043.14
296,45,50,4,231,3,5.0,557.22,27.861000000000004,529.359
219,16,32,4,212,15,20.0,5645.7,1129.14,4516.5599999999995
32,97,34,8,212,5,0.0,860.3499999999999,0.0,860.3499999999999
418,26,32,8,212,18,5.0,6774.84,338.742,6436.098
290,56,9,1,212,14,20.0,2253.2999999999997,450.65999999999997,1802.6399999999999
272,39,8,5,212,4,20.0,1453.04,290.608,1162.432
117,24,37,6,212,12,20.0,5884.32,1176.864,4707.456
428,94,32,4,91,1,10.0,376.38,37.638,338.742
313,14,41,9,91,2,5.0,283.1,14.155000000000001,268.94500000000005
414,92,30,2,91,9,15.0,1322.82,198.42299999999997,1124.397
994,87,10,5,91,7,15.0,1930.8799999999999,289.63199999999995,1641.248
220,57,32,4,361,11,20.0,4140.18,828.0360000000001,3312.1440000000002
639,19,12,1,361,3,0.0,965.4000000000001,0.0,965.4000000000001
989,69,30,5,361,10,15.0,1469.8,220.47,1249.33
351,92,3,4,430,17,20.0,320.62,64.12400000000001,256.496
115,4,3,4,433,2,5.0,37.72,1.8860000000000001,35.833999999999996
5,14,22,4,127,1,15.0,433.44,65.01599999999999,368.424
678,94,28,2,127,4,5.0,1989.32,99.46600000000001,1889.8539999999998
878,63,38,4,47,7,5.0,328.44,16.422,312.018
924,4,21,8,47,17,0.0,5742.09,0.0,5742.09
303,85,38,4,513,6,10.0,281.52,28.152,253.368
180,37,42,2,513,4,15.0,991.16,148.67399999999998,842.486
40,94,36,4,462,15,10.0,4356.3,435.63000000000005,3920.67
263,31,39,7,462,19,10.0,3036.0099999999998,303.601,2732.4089999999997
373,26,36,4,118,15,20.0,4356.3,871.2600000000001,3485.04
227,95,44,5,118,19,15.0,3864.6,579.6899999999999,3284.91
75,22,21,4,121,11,15.0,3715.47,557.3204999999999,3158.1495
297,32,18,2,121,14,0.0,3119.9,0.0,3119.9
242,40,14,3,121,8,20.0,2392.32,478.46400000000006,1913.8560000000002
813,68,20,4,229,19,20.0,6195.900000000001,1239.1800000000003,4956.72
904,32,29,3,229,16,0.0,3844.32,0.0,3844.32
536,47,20,4,363,17,10.0,5543.700000000001,554.3700000000001,4989.330000000001
292,38,20,4,286,6,20.0,1956.6000000000001,391.32000000000005,1565.2800000000002
694,64,39,4,79,5,0.0,798.9499999999999,0.0,798.9499999999999
584,6,2,4,427,11,0.0,1058.2,0.0,1058.2
233,18,25,2,427,3,20.0,870.8399999999999,174.168,696.6719999999999
999,38,49,7,427,18,20.0,6099.4800000000005,1219.8960000000002,4879.584000000001
476,43,2,4,162,8,5.0,769.6,38.480000000000004,731.12
320,87,34,8,162,14,0.0,2408.98,0.0,2408.98
364,30,28,1,162,1,15.0,497.33,74.59949999999999,422.7305
543,78,24,4,259,17,10.0,4328.2,432.82,3895.3799999999997
592,70,26,4,548,12,5.0,4639.08,231.954,4407.126
529,26,15,3,548,8,15.0,3917.28,587.592,3329.688
150,90,26,4,180,13,10.0,5025.67,502.567,4523.103
951,54,45,8,180,10,20.0,4236.6,847.3200000000002,3389.28
16,51,17,6,180,13,5.0,5901.87,295.0935,5606.7765
374,63,27,4,186,19,5.0,596.03,29.8015,566.2284999999999
207,52,16,3,186,6,5.0,1491.0,74.55,1416.45
753,38,30,4,279,6,0.0,881.8799999999999,0.0,881.8799999999999
841,15,8,9,279,6,15.0,2179.56,326.93399999999997,1852.626
71,61,1,1,279,15,0.0,7459.2,0.0,7459.2
551,3,30,4,378,2,20.0,293.96,58.792,235.16799999999998
508,1,44,3,378,2,0.0,406.8,0.0,406.8
114,69,35,7,378,8,5.0,2246.8,112.34000000000002,2134.46
528,81,46,4,137,13,5.0,6054.23,302.7115,5751.518499999999
722,51,14,5,137,19,0.0,5681.76,0.0,5681.76
935,97,5,4,551,6,5.0,585.72,29.286,556.434
671,17,30,5,551,13,10.0,1910.7399999999998,191.07399999999998,1719.6659999999997
175,96,31,4,335,3,10.0,1328.73,132.87300000000002,1195.857
332,92,38,5,335,4,0.0,187.68,0.0,187.68
120,92,30,5,335,4,10.0,587.92,58.792,529.1279999999999
222,53,39,6,335,18,15.0,2876.22,431.43299999999994,2444.787
614,95,31,4,526,5,5.0,2214.55,110.72750000000002,2103.8225
742,51,47,3,526,10,15.0,445.0,66.75,378.25
152,93,45,4,26,4,15.0,1694.64,254.196,1440.4440000000002
17,25,14,9,26,7,0.0,2093.28,0.0,2093.28
938,92,37,4,397,17,5.0,8336.12,416.80600000000004,7919.314
79,26,36,7,397,13,20.0,3775.46,755.0920000000001,3020.368
34,53,37,4,196,15,15.0,7355.400000000001,1103.31,6252.09
255,86,49,6,196,10,5.0,3388.6000000000004,169.43000000000004,3219.1700000000005
259,45,37,4,488,9,5.0,4413.24,220.662,4192.5779999999995
496,61,3,8,488,19,15.0,358.34,53.751,304.589
838,54,18,4,375,5,10.0,1114.25,111.42500000000001,1002.825
246,27,18,4,146,5,20.0,1114.25,222.85000000000002,891.4
822,78,1,4,558,5,20.0,2486.3999999999996,497.28,1989.1199999999997
434,85,12,5,558,9,0.0,2896.2000000000003,0.0,2896.2000000000003
576,100,28,4,547,12,20.0,5967.96,1193.592,4774.368
982,36,18,5,547,10,15.0,2228.5,334.275,1894.225
486,4,28,4,165,7,5.0,3481.31,174.06550000000001,3307.2445
288,63,23,1,165,2,15.0,245.58,36.837,208.743
212,12,35,5,165,12,5.0,3370.2000000000003,168.51000000000002,3201.69
352,29,40,4,28,15,10.0,1553.25,155.32500000000002,1397.925
347,73,40,4,88,2,10.0,207.1,20.71,186.39
99,100,34,8,88,5,15.0,860.3499999999999,129.05249999999998,731.2974999999999
72,64,36,7,88,5,20.0,1452.1000000000001,290.42,1161.68
700,11,40,4,449,2,20.0,207.1,41.42,165.68
538,86,9,9,370,6,10.0,965.6999999999999,96.57,869.1299999999999
739,6,36,6,370,17,0.0,4937.14,0.0,4937.14
531,1,30,7,370,4,0.0,587.92,0.0,587.92
865,43,9,9,471,8,10.0,1287.6,128.76,1158.84
59,23,12,9,471,6,5.0,1930.8000000000002,96.54000000000002,1834.2600000000002
55,55,6,3,471,7,0.0,1326.99,0.0,1326.99
421,3,15,6,471,4,15.0,1958.64,293.796,1664.844
755,97,1,6,471,1,20.0,497.28,99.456,397.82399999999996
612,36,9,9,310,12,10.0,1931.3999999999999,193.14,1738.2599999999998
590,56,33,8,310,6,5.0,2862.06,143.103,2718.957
70,16,43,9,505,13,10.0,2504.06,250.406,2253.654
407,45,34,5,505,3,5.0,516.21,25.810500000000005,490.39950000000005
834,87,43,9,80,1,10.0,192.62,19.262,173.358
368,18,13,9,80,2,5.0,265.46,13.273,252.18699999999998
200,19,4,9,434,11,15.0,2772.1099999999997,415.81649999999996,2356.2934999999998
987,1,26,9,434,19,20.0,7345.209999999999,1469.042,5876.168
790,27,37,2,434,19,20.0,9316.84,1863.3680000000002,7453.472
986,2,4,9,317,8,0.0,2016.08,0.0,2016.08
19,63,40,9,317,8,15.0,828.4,124.25999999999999,704.14
848,52,25,2,317,16,10.0,4644.48,464.448,4180.031999999999
213,25,42,2,317,12,20.0,2973.48,594.696,2378.784
588,98,13,9,160,6,0.0,796.3799999999999,0.0,796.3799999999999
591,59,13,9,463,4,20.0,530.92,106.184,424.736
238,17,30,9,463,17,5.0,2498.66,124.93299999999999,2373.727
38,6,21,2,463,12,20.0,4053.24,810.648,3242.5919999999996
586,26,33,9,329,18,5.0,8586.18,429.309,8156.871
160,75,23,9,166,19,10.0,2333.01,233.30100000000004,2099.7090000000003
579,8,10,2,166,16,10.0,4413.44,441.344,3972.0959999999995
312,49,11,9,211,2,20.0,518.64,103.72800000000001,414.912
884,71,34,1,211,2,10.0,344.14,34.414,309.726
910,30,35,5,211,1,20.0,280.85,56.17000000000001,224.68
325,96,40,6,211,9,20.0,931.9499999999999,186.39,745.56
914,18,11,9,154,19,10.0,4927.08,492.708,4434.372
936,87,34,9,318,16,20.0,2753.12,550.624,2202.496
457,30,32,9,318,6,15.0,2258.2799999999997,338.74199999999996,1919.5379999999998
184,23,31,6,318,18,20.0,7972.38,1594.476,6377.904
58,62,34,9,305,2,15.0,344.14,51.620999999999995,292.519
889,86,19,9,134,15,15.0,2723.1,408.465,2314.6349999999998
645,1,19,9,202,18,20.0,3267.72,653.544,2614.176
844,73,49,3,202,14,15.0,4744.04,711.606,4032.434
992,2,31,1,202,6,5.0,2657.46,132.87300000000002,2524.587
413,34,19,9,23,12,10.0,2178.48,217.848,1960.632
124,24,19,9,157,5,20.0,907.6999999999999,181.54,726.16
198,12,15,9,61,15,15.0,7344.900000000001,1101.7350000000001,6243.165000000001
348,33,45,5,61,11,10.0,4660.26,466.02600000000007,4194.234
689,76,2,7,61,14,0.0,1346.8,0.0,1346.8
367,65,41,9,524,9,0.0,1273.95,0.0,1273.95
454,97,6,3,524,14,5.0,2653.98,132.699,2521.281
660,23,41,9,17,2,0.0,283.1,0.0,283.1
593,33,22,5,17,19,20.0,8235.36,1647.0720000000001,6588.2880000000005
874,88,41,9,340,9,0.0,1273.95,0.0,1273.95
394,53,29,9,287,4,5.0,961.08,48.054,913.0260000000001
651,11,32,9,287,1,0.0,376.38,0.0,376.38
376,86,7,9,138,19,5.0,7118.16,355.908,6762.2519999999995
900,51,7,9,27,15,10.0,5619.599999999999,561.9599999999999,5057.639999999999
998,37,7,9,516,9,5.0,3371.7599999999998,168.588,3203.1719999999996
262,70,6,6,516,3,15.0,568.71,85.3065,483.4035
604,94,44,9,476,8,20.0,1627.2,325.44000000000005,1301.76
949,59,44,9,21,11,10.0,2237.4,223.74,2013.66
682,62,50,8,21,13,5.0,2414.62,120.731,2293.889
547,14,17,9,337,11,15.0,4993.89,749.0835000000001,4244.806500000001
139,43,17,9,18,10,20.0,4539.9,907.98,3631.9199999999996
955,92,16,6,18,7,5.0,1739.5,86.97500000000001,1652.525
309,57,14,9,522,10,10.0,2990.4,299.04,2691.36
782,45,9,2,522,1,0.0,160.95,0.0,160.95
494,32,19,5,522,4,5.0,726.16,36.308,689.852
449,51,12,5,522,17,5.0,5470.6,273.53000000000003,5197.070000000001
728,97,6,9,384,18,0.0,3412.2599999999998,0.0,3412.2599999999998
808,97,43,6,384,6,20.0,1155.72,231.144,924.576
338,50,6,9,501,15,20.0,2843.5499999999997,568.7099999999999,2274.8399999999997
555,99,31,1,501,6,20.0,2657.46,531.4920000000001,2125.968
926,8,8,9,250,4,0.0,1453.04,0.0,1453.04
101,94,26,3,250,1,0.0,386.59,0.0,386.59
956,8,47,9,530,17,15.0,756.5,113.475,643.025
500,5,34,6,530,1,0.0,172.07,0.0,172.07
830,21,47,9,550,19,0.0,845.5,0.0,845.5
915,1,35,9,336,16,20.0,4493.6,898.7200000000001,3594.88
789,43,6,8,336,17,0.0,3222.69,0.0,3222.69
526,48,3,6,336,19,0.0,358.34,0.0,358.34
302,80,35,9,484,19,5.0,5336.150000000001,266.80750000000006,5069.342500000001
502,92,49,9,176,13,15.0,4405.18,660.777,3744.4030000000002
136,33,8,8,176,10,10.0,3632.6,363.26,3269.34
918,66,14,1,176,13,10.0,3887.5200000000004,388.75200000000007,3498.7680000000005
779,47,50,9,546,16,20.0,2971.84,594.368,2377.472
442,38,50,9,296,12,5.0,2228.88,111.44400000000002,2117.436
398,74,32,9,19,19,10.0,7151.22,715.1220000000001,6436.098
475,77,32,9,233,17,5.0,6398.46,319.923,6078.537
965,68,22,9,225,8,10.0,3467.52,346.752,3120.768
643,12,25,5,225,14,10.0,4063.9199999999996,406.392,3657.528
375,89,38,9,126,13,10.0,609.96,60.99600000000001,548.964
90,62,36,9,301,11,0.0,3194.6200000000003,0.0,3194.6200000000003
130,61,49,7,301,11,5.0,3727.46,186.37300000000002,3541.087
707,5,36,9,54,5,0.0,1452.1000000000001,0.0,1452.1000000000001
109,10,43,2,54,11,0.0,2118.82,0.0,2118.82
654,3,6,7,54,11,5.0,2085.27,104.26350000000001,1981.0065
293,6,49,7,54,11,10.0,3727.46,372.74600000000004,3354.714
247,66,37,7,54,13,20.0,6374.68,1274.9360000000001,5099.744000000001
701,14,21,9,33,10,10.0,3377.7,337.77,3039.93
359,47,6,5,33,9,20.0,1706.1299999999999,341.226,1364.904
821,29,21,9,13,19,5.0,6417.629999999999,320.88149999999996,6096.7485
757,55,20,9,223,4,5.0,1304.4,65.22000000000001,1239.18
235,9,20,9,256,9,0.0,2934.9,0.0,2934.9
448,91,35,1,256,13,15.0,3651.05,547.6575,3103.3925
424,65,29,6,256,9,10.0,2162.4300000000003,216.24300000000005,1946.1870000000004
270,90,7,6,256,3,20.0,1123.92,224.78400000000002,899.1360000000001
675,24,20,9,479,8,10.0,2608.8,260.88000000000005,2347.92
426,5,4,2,479,6,20.0,1512.06,302.412,1209.648
864,17,6,6,479,9,5.0,1706.1299999999999,85.3065,1620.8235
23,58,39,9,450,17,15.0,2716.43,407.4645,2308.9655
105,100,40,6,450,18,10.0,1863.8999999999999,186.39,1677.5099999999998
211,99,2,9,383,16,15.0,1539.2,230.88,1308.3200000000002
395,23,12,9,248,15,15.0,4827.0,724.05,4102.95
875,33,11,7,248,17,10.0,4408.44,440.844,3967.5959999999995
462,4,46,9,149,10,10.0,4657.099999999999,465.71,4191.389999999999
806,82,31,9,149,5,20.0,2214.55,442.9100000000001,1771.64
188,17,45,9,149,7,20.0,2965.6200000000003,593.1240000000001,2372.496
858,2,5,9,247,7,15.0,683.34,102.501,580.839
474,66,11,5,247,15,15.0,3889.7999999999997,583.4699999999999,3306.33
934,34,12,6,247,10,15.0,3218.0,482.7,2735.3
377,59,5,9,327,17,10.0,1659.54,165.954,1493.586
644,47,45,9,333,17,0.0,7202.22,0.0,7202.22
241,13,45,9,418,1,20.0,423.66,84.73200000000001,338.928
787,36,1,9,418,4,0.0,1989.12,0.0,1989.12
93,16,19,1,418,1,5.0,181.54,9.077,172.463
540,90,48,1,418,9,5.0,1011.33,50.566500000000005,960.7635
60,9,45,9,374,3,0.0,1270.98,0.0,1270.98
932,74,26,5,374,13,15.0,5025.67,753.8505,4271.8195
719,39,45,9,557,4,10.0,1694.64,169.46400000000003,1525.1760000000002
147,35,25,1,557,13,10.0,3773.6399999999994,377.364,3396.2759999999994
734,53,37,9,195,15,0.0,7355.400000000001,0.0,7355.400000000001
769,47,37,9,379,2,15.0,980.72,147.108,833.6120000000001
423,12,37,9,283,16,20.0,7845.76,1569.152,6276.608
628,79,16,9,66,13,10.0,3230.5,323.05,2907.45
218,23,18,9,311,1,5.0,222.85,11.1425,211.70749999999998
600,94,50,8,311,2,0.0,371.48,0.0,371.48
885,81,18,9,519,10,20.0,2228.5,445.70000000000005,1782.8
550,7,18,9,122,6,20.0,1337.1,267.42,1069.6799999999998
898,94,1,9,376,3,15.0,1491.84,223.77599999999998,1268.0639999999999
961,78,15,8,376,5,10.0,2448.3,244.83000000000004,2203.4700000000003
647,14,36,2,376,18,5.0,5227.56,261.37800000000004,4966.182000000001
390,69,36,1,376,1,15.0,290.42,43.563,246.85700000000003
972,48,27,1,376,18,5.0,564.66,28.233,536.427
892,61,1,9,120,12,5.0,5967.36,298.368,5668.991999999999
887,49,41,8,120,11,5.0,1557.0500000000002,77.85250000000002,1479.1975000000002
773,56,28,9,355,6,15.0,2983.98,447.597,2536.383
606,24,40,9,388,15,0.0,1553.25,0.0,1553.25
749,94,10,7,388,4,5.0,1103.36,55.168,1048.192
922,51,9,8,110,4,0.0,643.8,0.0,643.8
26,52,43,8,515,18,5.0,3467.16,173.358,3293.8019999999997
522,86,3,3,515,7,0.0,132.01999999999998,0.0,132.01999999999998
344,27,13,8,338,14,15.0,1858.2199999999998,278.73299999999995,1579.4869999999999
453,38,33,8,252,10,5.0,4770.1,238.50500000000002,4531.595
710,26,23,8,280,5,5.0,613.95,30.697500000000005,583.2525
2,65,34,8,133,13,5.0,2236.91,111.8455,2125.0645
214,52,34,8,46,6,0.0,1032.42,0.0,1032.42
149,81,15,6,46,17,20.0,8324.220000000001,1664.8440000000003,6659.376000000001
311,47,34,8,105,6,10.0,1032.42,103.24200000000002,929.1780000000001
361,66,19,8,297,5,20.0,907.6999999999999,181.54,726.16
853,63,19,8,540,15,20.0,2723.1,544.62,2178.48
702,60,15,8,284,4,5.0,1958.64,97.93200000000002,1860.708
324,74,15,8,499,17,10.0,8324.220000000001,832.4220000000001,7491.798000000001
331,8,15,3,499,10,5.0,4896.6,244.83000000000004,4651.77
901,56,15,8,183,10,5.0,4896.6,244.83000000000004,4651.77
417,39,41,8,459,13,20.0,1840.15,368.03000000000003,1472.1200000000001
859,7,41,8,68,15,15.0,2123.25,318.4875,1804.7625
107,52,1,2,68,11,10.0,5470.08,547.008,4923.072
762,10,20,5,68,15,20.0,4891.5,978.3000000000001,3913.2
708,83,48,8,401,9,20.0,1011.33,202.26600000000002,809.0640000000001
289,25,49,3,401,14,0.0,4744.04,0.0,4744.04
515,78,29,8,152,5,5.0,1201.3500000000001,60.06750000000001,1141.2825
931,10,29,8,96,9,20.0,2162.4300000000003,432.4860000000001,1729.9440000000002
450,63,7,3,96,10,5.0,3746.3999999999996,187.32,3559.0799999999995
750,27,29,8,164,16,5.0,3844.32,192.216,3652.1040000000003
25,49,22,8,164,18,10.0,7801.92,780.192,7021.728
824,41,29,8,98,7,15.0,1681.89,252.2835,1429.6065
664,13,35,1,98,5,20.0,1404.25,280.85,1123.4
831,90,34,6,98,18,20.0,3097.2599999999998,619.452,2477.808
524,94,44,8,5,10,10.0,2034.0,203.4,1830.6
993,67,44,8,264,11,15.0,2237.4,335.61,1901.79
96,48,17,5,264,5,5.0,2269.95,113.4975,2156.4525
436,66,17,8,2,7,15.0,3177.9300000000003,476.6895,2701.2405000000003
997,5,31,7,2,5,20.0,2214.55,442.9100000000001,1771.64
182,55,17,8,76,17,0.0,7717.83,0.0,7717.83
201,76,29,6,76,7,15.0,1681.89,252.2835,1429.6065
946,67,6,8,263,9,5.0,1706.1299999999999,85.3065,1620.8235
733,78,35,7,263,16,15.0,4493.6,674.0400000000001,3819.5600000000004
620,4,8,8,491,10,0.0,3632.6,0.0,3632.6
444,98,47,8,55,1,10.0,44.5,4.45,40.05
404,73,17,3,55,16,5.0,7263.84,363.192,6900.648
976,7,35,8,261,6,15.0,1685.1000000000001,252.76500000000001,1432.335
326,16,25,8,400,13,10.0,3773.6399999999994,377.364,3396.2759999999994
724,97,25,8,511,15,0.0,4354.2,0.0,4354.2
248,5,25,8,470,15,10.0,4354.2,435.42,3918.7799999999997
927,29,48,3,470,19,0.0,2135.03,0.0,2135.03
542,87,2,6,470,18,0.0,1731.6000000000001,0.0,1731.6000000000001
988,47,25,8,29,14,0.0,4063.9199999999996,0.0,4063.9199999999996
145,46,25,8,7,9,10.0,2612.5199999999995,261.25199999999995,2351.2679999999996
683,60,49,8,255,8,15.0,2710.88,406.632,2304.248
126,50,44,1,255,11,0.0,2237.4,0.0,2237.4
116,16,50,8,129,16,0.0,2971.84,0.0,2971.84
925,1,26,6,129,9,10.0,3479.31,347.93100000000004,3131.379
617,84,50,7,129,5,0.0,928.7,0.0,928.7
817,92,50,8,178,10,5.0,1857.4,92.87,1764.5300000000002
582,42,50,8,323,16,0.0,2971.84,0.0,2971.84
818,31,42,8,293,4,0.0,991.16,0.0,991.16
384,1,32,8,214,1,0.0,376.38,0.0,376.38
69,1,2,7,214,1,20.0,96.2,19.240000000000002,76.96000000000001
300,47,3,8,554,2,20.0,37.72,7.5440000000000005,30.176
608,9,3,8,220,11,15.0,207.45999999999998,31.118999999999996,176.34099999999998
697,64,3,8,538,15,5.0,282.9,14.145,268.755
87,69,22,8,481,15,20.0,6501.6,1300.3200000000002,5201.280000000001
480,80,22,8,514,9,5.0,3900.96,195.048,3705.9120000000003
657,50,22,8,25,5,15.0,2167.2,325.08,1842.12
447,79,36,8,492,3,5.0,871.26,43.563,827.697
896,96,21,8,543,2,20.0,675.54,135.108,540.432
933,83,25,3,543,14,0.0,4063.9199999999996,0.0,4063.9199999999996
627,66,20,8,22,12,10.0,3913.2000000000003,391.32000000000005,3521.88
622,6,28,8,22,2,15.0,994.66,149.19899999999998,845.461
396,53,39,8,179,9,5.0,1438.11,71.9055,1366.2044999999998
391,95,2,8,173,12,5.0,1154.4,57.720000000000006,1096.68
330,28,24,8,72,10,10.0,2546.0,254.60000000000002,2291.4
696,60,12,8,245,3,15.0,965.4000000000001,144.81,820.5900000000001
470,69,39,6,245,4,20.0,639.16,127.832,511.328
132,43,12,8,408,19,20.0,6114.2,1222.84,4891.36
760,86,12,7,408,2,20.0,643.6,128.72,514.88
795,38,12,8,218,1,5.0,321.8,16.09,305.71000000000004
73,63,26,8,237,17,5.0,6572.03,328.6015,6243.4285
336,58,26,8,273,18,10.0,6958.62,695.8620000000001,6262.758
975,74,28,1,273,18,20.0,8951.94,1790.3880000000001,7161.552000000001
432,23,27,8,203,13,5.0,407.81,20.390500000000003,387.41949999999997
10,98,30,8,542,8,10.0,1175.84,117.584,1058.2559999999999
523,56,29,6,542,10,20.0,2402.7000000000003,480.5400000000001,1922.1600000000003
276,92,46,8,507,5,20.0,2328.5499999999997,465.71,1862.8399999999997
879,22,46,8,482,3,20.0,1397.1299999999999,279.426,1117.704
741,7,23,7,482,10,15.0,1227.9,184.185,1043.7150000000001
971,55,46,8,71,16,10.0,7451.36,745.136,6706.224
47,13,38,3,71,19,15.0,891.48,133.722,757.758
950,72,43,1,71,9,10.0,1733.58,173.358,1560.222
735,51,5,8,69,4,20.0,390.48,78.096,312.384
406,51,31,8,288,9,20.0,3986.19,797.238,3188.952
137,40,31,8,50,5,5.0,2214.55,110.72750000000002,2103.8225
580,40,40,3,50,4,20.0,414.2,82.84,331.36
56,90,27,7,50,3,20.0,94.11,18.822,75.288
21,22,45,8,52,13,10.0,5507.58,550.758,4956.822
97,85,45,8,389,7,15.0,2965.6200000000003,444.843,2520.7770000000005
327,72,5,1,389,19,10.0,1854.7800000000002,185.47800000000004,1669.3020000000001
765,97,37,6,389,1,0.0,490.36,0.0,490.36
509,5,16,8,483,13,15.0,3230.5,484.575,2745.925
337,60,18,8,101,14,10.0,3119.9,311.99,2807.91
342,100,28,8,435,18,10.0,8951.94,895.1940000000001,8056.746
323,12,9,2,541,1,10.0,160.95,16.095,144.855
439,38,22,3,541,3,15.0,1300.32,195.04799999999997,1105.272
908,45,32,5,541,2,0.0,752.76,0.0,752.76
100,33,9,2,295,1,5.0,160.95,8.0475,152.90249999999997
610,31,9,2,386,17,0.0,2736.1499999999996,0.0,2736.1499999999996
159,58,17,2,386,13,0.0,5901.87,0.0,5901.87
210,69,44,6,386,19,15.0,3864.6,579.6899999999999,3284.91
108,95,25,7,386,15,20.0,4354.2,870.84,3483.3599999999997
192,86,43,2,109,5,5.0,963.1,48.155,914.945
369,96,43,2,290,12,15.0,2311.44,346.716,1964.7240000000002
174,82,18,5,290,1,5.0,222.85,11.1425,211.70749999999998
385,21,43,2,123,10,5.0,1926.2,96.31,1829.89
52,19,21,1,123,18,20.0,6079.86,1215.972,4863.888
257,71,4,2,469,12,10.0,3024.12,302.412,2721.708
897,13,15,2,469,2,5.0,979.32,48.96600000000001,930.354
399,74,13,2,518,12,10.0,1592.7599999999998,159.27599999999998,1433.4839999999997
113,1,39,2,518,5,10.0,798.9499999999999,79.895,719.055
814,5,23,2,78,12,10.0,1473.48,147.348,1326.132
285,77,5,2,78,2,15.0,195.24,29.286,165.954
945,57,23,2,343,4,15.0,491.16,73.674,417.486
744,42,11,2,275,9,5.0,2333.88,116.69400000000002,2217.186
613,24,39,5,275,9,10.0,1438.11,143.811,1294.299
461,29,34,2,99,14,15.0,2408.98,361.347,2047.633
619,75,8,2,99,11,0.0,3995.8599999999997,0.0,3995.8599999999997
358,69,33,5,99,8,15.0,3816.08,572.4119999999999,3243.668
268,91,34,2,159,7,10.0,1204.49,120.44900000000001,1084.041
957,34,15,2,216,15,0.0,7344.900000000001,0.0,7344.900000000001
517,45,15,2,308,11,10.0,5386.26,538.6260000000001,4847.634
456,79,15,2,266,5,20.0,2448.3,489.6600000000001,1958.64
640,84,23,3,266,3,0.0,368.37,0.0,368.37
151,8,41,2,53,16,5.0,2264.8,113.24000000000001,2151.5600000000004
249,29,48,1,53,14,10.0,1573.18,157.318,1415.862
720,14,41,2,117,12,5.0,1698.6000000000001,84.93,1613.67
89,94,33,6,117,8,5.0,3816.08,190.804,3625.276
662,44,28,6,117,9,15.0,4475.97,671.3955,3804.5745
50,17,42,7,117,10,0.0,2477.9,0.0,2477.9
577,86,20,7,117,6,10.0,1956.6000000000001,195.66000000000003,1760.94
473,53,29,2,1,16,5.0,3844.32,192.216,3652.1040000000003
94,90,35,2,1,7,10.0,1965.9500000000003,196.59500000000003,1769.3550000000002
61,12,7,2,417,16,5.0,5994.24,299.712,5694.528
304,75,13,6,417,16,0.0,2123.68,0.0,2123.68
196,49,44,2,369,11,10.0,2237.4,223.74,2013.66
1000,94,42,3,369,2,15.0,495.58,74.33699999999999,421.243
6,76,44,6,369,8,5.0,1627.2,81.36000000000001,1545.8400000000001
229,35,44,2,240,15,10.0,3051.0,305.1,2745.9
816,72,16,3,240,11,20.0,2733.5,546.7,2186.8
535,79,44,2,95,1,20.0,203.4,40.68000000000001,162.72
44,40,17,2,107,9,0.0,4085.91,0.0,4085.91
572,68,32,5,107,11,0.0,4140.18,0.0,4140.18
919,92,10,2,509,1,0.0,275.84,0.0,275.84
709,78,30,3,509,6,15.0,881.8799999999999,132.28199999999998,749.598
156,34,10,2,187,17,0.0,4689.28,0.0,4689.28
144,95,8,2,171,18,0.0,6538.68,0.0,6538.68
605,95,49,6,171,4,15.0,1355.44,203.316,1152.124
706,37,8,2,300,13,15.0,4722.38,708.357,4014.023
221,39,35,2,232,19,5.0,5336.150000000001,266.80750000000006,5069.342500000001
565,90,11,3,232,12,15.0,3111.84,466.776,2645.0640000000003
615,6,32,2,535,10,0.0,3763.8,0.0,3763.8
410,62,35,7,535,18,5.0,5055.3,252.76500000000001,4802.535
155,90,32,2,406,9,0.0,3387.42,0.0,3387.42
996,20,13,7,406,1,15.0,132.73,19.909499999999998,112.8205
318,3,3,2,228,3,20.0,56.58,11.316,45.263999999999996
299,61,24,2,428,13,20.0,3309.7999999999997,661.96,2647.8399999999997
48,30,12,2,37,11,10.0,3539.8,353.98,3185.82
632,51,26,2,368,9,20.0,3479.31,695.8620000000001,2783.448
65,34,26,2,536,9,20.0,3479.31,695.8620000000001,2783.448
53,92,27,6,536,19,5.0,596.03,29.8015,566.2284999999999
194,59,26,2,143,19,10.0,7345.209999999999,734.521,6610.688999999999
518,27,27,2,394,15,0.0,470.55,0.0,470.55
746,15,3,6,394,11,15.0,207.45999999999998,31.118999999999996,176.34099999999998
232,75,30,2,458,13,15.0,1910.7399999999998,286.61099999999993,1624.129
478,23,14,7,458,10,15.0,2990.4,448.56,2541.84
553,18,46,2,206,14,0.0,6519.94,0.0,6519.94
947,88,46,2,477,19,5.0,8848.49,442.4245,8406.0655
388,92,31,2,306,13,15.0,5757.83,863.6745,4894.1555
673,75,31,2,298,15,15.0,6643.650000000001,996.5475,5647.102500000001
784,27,20,3,298,3,20.0,978.3000000000001,195.66000000000003,782.6400000000001
380,77,31,2,272,12,20.0,5314.92,1062.9840000000002,4251.936
370,49,45,2,444,4,0.0,1694.64,0.0,1694.64
31,60,45,2,111,18,20.0,7625.88,1525.1760000000002,6100.704
815,37,45,2,151,16,15.0,6778.56,1016.784,5761.776000000001
191,89,37,2,356,17,10.0,8336.12,833.6120000000001,7502.508000000001
763,5,28,2,191,7,20.0,3481.31,696.2620000000001,2785.048
843,47,40,2,39,5,5.0,517.75,25.887500000000003,491.8625
329,24,34,7,39,17,20.0,2925.19,585.038,2340.152
104,69,9,3,190,10,10.0,1609.5,160.95000000000002,1448.55
767,13,37,7,190,7,5.0,3432.52,171.626,3260.894
943,8,43,3,473,15,0.0,2889.3,0.0,2889.3
962,32,4,3,410,11,0.0,2772.1099999999997,0.0,2772.1099999999997
356,6,13,3,113,17,10.0,2256.41,225.641,2030.7689999999998
521,47,7,1,113,12,0.0,4495.68,0.0,4495.68
792,20,33,3,289,3,0.0,1431.03,0.0,1431.03
598,70,26,3,289,16,10.0,6185.44,618.544,5566.896
561,39,33,3,222,13,5.0,6201.13,310.0565,5891.0735
866,59,33,3,487,10,10.0,4770.1,477.01000000000005,4293.09
33,8,23,3,108,19,5.0,2333.01,116.65050000000002,2216.3595
891,63,11,3,60,9,20.0,2333.88,466.77600000000007,1867.104
481,95,11,3,262,2,10.0,518.64,51.864000000000004,466.77599999999995
967,54,34,3,464,18,10.0,3097.2599999999998,309.726,2787.5339999999997
687,9,34,3,314,16,15.0,2753.12,412.96799999999996,2340.152
877,29,34,3,489,12,5.0,2064.84,103.24200000000002,1961.5980000000002
372,85,42,1,489,18,10.0,4460.22,446.02200000000005,4014.1980000000003
867,51,41,3,177,17,0.0,2406.3500000000004,0.0,2406.3500000000004
563,17,41,3,62,6,0.0,849.3000000000001,0.0,849.3000000000001
634,44,41,3,38,19,20.0,2689.4500000000003,537.8900000000001,2151.5600000000004
237,58,1,3,38,13,20.0,6464.639999999999,1292.9279999999999,5171.7119999999995
532,8,14,1,38,15,20.0,4485.6,897.1200000000001,3588.4800000000005
202,9,22,1,38,5,10.0,2167.2,216.72,1950.4799999999998
226,14,29,3,387,18,10.0,4324.860000000001,432.4860000000001,3892.3740000000007
74,69,29,3,346,6,0.0,1441.6200000000001,0.0,1441.6200000000001
721,32,47,3,346,6,20.0,267.0,53.400000000000006,213.6
811,76,44,3,415,16,20.0,3254.4,650.8800000000001,2603.52
679,95,44,3,254,10,5.0,2034.0,101.7,1932.3
714,42,14,3,83,7,15.0,2093.28,313.992,1779.2880000000002
82,86,40,5,83,12,15.0,1242.6,186.39,1056.21
62,1,10,3,201,8,5.0,2206.72,110.336,2096.384
328,76,11,1,201,19,15.0,4927.08,739.062,4188.018
797,72,20,1,201,2,0.0,652.2,0.0,652.2
129,33,10,3,510,14,20.0,3861.7599999999998,772.352,3089.408
653,77,18,6,510,10,15.0,2228.5,334.275,1894.225
437,75,10,3,411,4,15.0,1103.36,165.504,937.8559999999999
85,78,47,3,503,3,20.0,133.5,26.700000000000003,106.8
842,21,47,3,144,1,10.0,44.5,4.45,40.05
868,54,25,3,414,2,20.0,580.56,116.112,464.448
265,61,24,6,414,8,5.0,2036.8,101.84,1934.96
112,96,25,3,100,6,10.0,1741.6799999999998,174.168,1567.5119999999997
225,39,49,3,520,14,20.0,4744.04,948.808,3795.232
705,85,26,1,520,17,10.0,6572.03,657.203,5914.826999999999
913,19,26,5,520,15,15.0,5798.849999999999,869.8274999999999,4929.022499999999
770,100,49,3,508,9,10.0,3049.7400000000002,304.97400000000005,2744.766
181,12,39,3,508,19,15.0,3036.0099999999998,455.40149999999994,2580.6085
239,7,49,3,380,17,15.0,5760.62,864.093,4896.527
596,21,38,6,380,11,20.0,516.12,103.224,412.896
171,49,50,3,75,7,10.0,1300.18,130.018,1170.162
803,90,50,3,421,8,20.0,1485.92,297.184,1188.736
301,21,32,3,246,13,5.0,4892.94,244.647,4648.293
820,51,50,6,246,2,5.0,371.48,18.574,352.906
190,84,3,3,422,5,20.0,94.3,18.86,75.44
68,89,46,6,422,11,10.0,5122.8099999999995,512.281,4610.5289999999995
411,65,48,7,422,14,15.0,1573.18,235.977,1337.203
163,89,22,3,453,2,0.0,866.88,0.0,866.88
686,75,36,3,302,19,0.0,5517.9800000000005,0.0,5517.9800000000005
778,29,20,3,320,12,20.0,3913.2000000000003,782.6400000000001,3130.5600000000004
616,66,41,1,320,4,15.0,566.2,84.93,481.27000000000004
723,38,39,3,413,4,15.0,639.16,95.874,543.286
799,47,24,3,94,19,20.0,4837.4,967.48,3869.9199999999996
134,67,24,5,94,6,5.0,1527.6,76.38,1451.2199999999998
699,72,18,6,94,4,10.0,891.4,89.14,802.26
185,89,24,3,278,8,5.0,2036.8,101.84,1934.96
408,77,24,3,404,15,20.0,3819.0,763.8000000000001,3055.2
45,52,37,5,404,10,15.0,4903.6,735.5400000000001,4168.06
641,97,12,3,276,17,10.0,5470.6,547.0600000000001,4923.54
355,35,27,3,436,6,10.0,188.22,18.822,169.398
890,92,45,5,436,6,15.0,2541.96,381.294,2160.666
917,47,46,3,429,2,5.0,931.42,46.571,884.8489999999999
343,64,5,3,555,12,0.0,1171.44,0.0,1171.44
756,27,5,3,552,19,20.0,1854.7800000000002,370.9560000000001,1483.824
386,55,30,6,552,15,10.0,2204.7,220.47,1984.2299999999998
854,25,31,3,41,7,5.0,3100.3700000000003,155.01850000000002,2945.3515
559,28,45,3,494,10,20.0,4236.6,847.3200000000002,3389.28
208,83,45,3,130,17,0.0,7202.22,0.0,7202.22
260,4,37,3,65,3,5.0,1471.08,73.554,1397.5259999999998
886,84,13,1,65,6,20.0,796.3799999999999,159.27599999999998,637.1039999999999
646,90,46,1,65,13,10.0,6054.23,605.423,5448.807
228,5,16,3,147,15,20.0,3727.5,745.5,2982.0
189,62,34,5,147,8,15.0,1376.56,206.48399999999998,1170.076
431,47,4,7,147,13,20.0,3276.13,655.2260000000001,2620.904
169,64,48,7,147,12,20.0,1348.44,269.68800000000005,1078.752
490,96,16,3,517,11,5.0,2733.5,136.675,2596.825
172,99,23,6,517,4,20.0,491.16,98.23200000000001,392.928
855,90,16,3,116,4,20.0,994.0,198.8,795.2
193,13,40,3,334,4,20.0,414.2,82.84,331.36
54,58,31,5,334,9,15.0,3986.19,597.9285,3388.2615
759,68,43,1,10,9,20.0,1733.58,346.716,1386.864
308,20,4,1,243,2,15.0,504.02,75.603,428.417
204,28,13,1,426,9,10.0,1194.57,119.457,1075.1129999999998
570,84,12,5,426,17,0.0,5470.6,0.0,5470.6
49,19,23,1,87,13,5.0,1596.27,79.8135,1516.4565
990,20,11,1,70,17,20.0,4408.44,881.688,3526.7519999999995
558,89,11,1,385,14,15.0,3630.48,544.572,3085.908
903,62,19,1,556,1,10.0,181.54,18.154,163.386
578,34,33,7,556,9,5.0,4293.09,214.6545,4078.4355
656,6,19,1,32,9,10.0,1633.86,163.386,1470.474
959,96,36,6,32,1,5.0,290.42,14.521,275.899
966,37,19,1,141,11,20.0,1996.9399999999998,399.388,1597.552
471,34,15,1,321,6,15.0,2937.96,440.694,2497.266
340,92,48,1,125,13,20.0,1460.81,292.162,1168.648
91,69,47,7,125,16,0.0,712.0,0.0,712.0
857,38,48,1,446,13,10.0,1460.81,146.081,1314.729
284,3,6,5,446,3,20.0,568.71,113.74200000000002,454.968
451,98,29,1,244,12,10.0,2883.2400000000002,288.324,2594.916
277,58,10,7,244,13,10.0,3585.9199999999996,358.592,3227.3279999999995
316,1,29,1,119,2,10.0,480.54,48.054,432.486
345,63,17,1,445,2,20.0,907.98,181.596,726.384
35,60,11,7,445,8,20.0,2074.56,414.91200000000003,1659.648
839,55,17,1,382,12,10.0,5447.88,544.788,4903.092000000001
569,13,17,1,260,1,0.0,453.99,0.0,453.99
747,29,14,1,265,10,10.0,2990.4,299.04,2691.36
14,63,17,6,265,16,5.0,7263.84,363.192,6900.648
9,92,10,1,504,12,15.0,3310.08,496.51199999999994,2813.568
663,2,10,1,188,4,5.0,1103.36,55.168,1048.192
560,74,25,5,188,14,20.0,4063.9199999999996,812.784,3251.1359999999995
271,19,4,6,188,1,0.0,252.01,0.0,252.01
412,32,6,1,271,3,5.0,568.71,28.435500000000005,540.2745
333,36,8,1,224,8,15.0,2906.08,435.912,2470.168
809,60,50,1,224,8,20.0,1485.92,297.184,1188.736
556,15,38,6,224,6,5.0,281.52,14.076,267.44399999999996
46,16,25,1,393,2,15.0,580.56,87.08399999999999,493.47599999999994
940,50,44,7,393,18,0.0,3661.2000000000003,0.0,3661.2000000000003
771,88,49,1,559,9,10.0,3049.7400000000002,304.97400000000005,2744.766
244,9,50,1,403,6,15.0,1114.44,167.166,947.2740000000001
111,58,42,1,97,17,0.0,4212.43,0.0,4212.43
711,62,42,1,12,10,5.0,2477.9,123.89500000000001,2354.005
835,57,10,5,12,17,15.0,4689.28,703.3919999999999,3985.888
581,83,32,1,328,3,20.0,1129.1399999999999,225.82799999999997,903.3119999999999
512,46,46,7,328,4,15.0,1862.84,279.426,1583.414
541,28,22,1,443,14,20.0,6068.16,1213.632,4854.528
42,99,38,1,294,7,15.0,328.44,49.266,279.174
716,18,37,7,294,3,0.0,1471.08,0.0,1471.08
912,40,38,1,467,10,0.0,469.20000000000005,0.0,469.20000000000005
810,43,23,5,467,13,10.0,1596.27,159.627,1436.643
812,100,38,1,472,3,0.0,140.76,0.0,140.76
537,56,36,1,104,15,15.0,4356.3,653.445,3702.855
138,74,21,1,277,5,0.0,1688.85,0.0,1688.85
162,36,21,1,103,10,10.0,3377.7,337.77,3039.93
291,33,35,5,103,4,20.0,1123.4,224.68000000000004,898.72
177,23,39,1,373,15,15.0,2396.85,359.5275,2037.3225
618,92,12,6,373,10,20.0,3218.0,643.6,2574.4
983,29,2,1,395,6,15.0,577.2,86.58,490.62000000000006
504,61,24,1,112,8,10.0,2036.8,203.68,1833.12
669,63,12,1,169,19,15.0,6114.2,917.13,5197.07
845,53,12,1,381,5,20.0,1609.0,321.8,1287.2
27,42,46,1,396,2,0.0,931.42,0.0,931.42
921,38,46,1,213,13,15.0,6054.23,908.1344999999999,5146.095499999999
310,18,37,1,81,16,20.0,7845.76,1569.152,6276.608
978,23,16,1,82,4,5.0,994.0,49.7,944.3
748,33,16,1,142,17,10.0,4224.5,422.45000000000005,3802.05
633,45,3,5,142,2,20.0,37.72,7.5440000000000005,30.176
278,20,43,5,364,8,15.0,1540.96,231.144,1309.816
95,90,43,5,474,2,5.0,385.24,19.262,365.978
629,75,4,5,506,13,0.0,3276.13,0.0,3276.13
29,15,26,5,506,1,20.0,386.59,77.318,309.272
140,44,23,5,466,5,0.0,613.95,0.0,613.95
143,12,6,6,466,4,10.0,758.28,75.828,682.452
873,70,31,7,466,18,20.0,7972.38,1594.476,6377.904
459,81,23,5,239,17,20.0,2087.4300000000003,417.4860000000001,1669.9440000000002
637,26,11,5,267,17,20.0,4408.44,881.688,3526.7519999999995
690,99,15,5,468,14,5.0,6855.240000000001,342.76200000000006,6512.478000000001
624,51,47,5,468,16,10.0,712.0,71.2,640.8
731,97,28,5,468,19,5.0,9449.27,472.46350000000007,8976.8065
335,8,48,5,4,14,5.0,1573.18,78.659,1494.521
77,67,40,6,4,4,0.0,414.2,0.0,414.2
158,68,7,5,527,2,0.0,749.28,0.0,749.28
269,74,25,5,527,7,10.0,2031.9599999999998,203.196,1828.764
382,98,42,5,527,5,10.0,1238.95,123.89500000000001,1115.055
666,2,15,6,527,19,5.0,9303.54,465.1770000000001,8838.363000000001
415,95,7,5,208,7,10.0,2622.48,262.248,2360.232
267,39,13,7,208,8,0.0,1061.84,0.0,1061.84
777,5,44,5,172,17,10.0,3457.8,345.78000000000003,3112.02
64,1,17,5,11,17,0.0,7717.83,0.0,7717.83
443,50,14,5,342,8,20.0,2392.32,478.46400000000006,1913.8560000000002
173,36,29,6,342,19,0.0,4565.13,0.0,4565.13
751,36,10,5,291,15,0.0,4137.599999999999,0.0,4137.599999999999
788,26,35,5,282,18,15.0,5055.3,758.295,4297.005
306,99,25,5,525,8,10.0,2322.24,232.224,2090.0159999999996
539,14,38,6,525,15,20.0,703.8000000000001,140.76000000000002,563.0400000000001
907,49,49,5,56,4,0.0,1355.44,0.0,1355.44
154,74,47,7,56,5,15.0,222.5,33.375,189.125
146,2,18,7,56,17,20.0,3788.45,757.69,3030.7599999999998
15,86,50,5,43,1,10.0,185.74,18.574,167.166
798,23,50,5,182,4,10.0,742.96,74.296,668.664
574,67,16,6,182,18,5.0,4473.0,223.65,4249.35
283,1,3,5,490,4,5.0,75.44,3.7720000000000002,71.66799999999999
661,10,3,7,490,13,10.0,245.18,24.518,220.662
240,46,3,5,398,17,5.0,320.62,16.031000000000002,304.589
631,26,22,5,106,4,5.0,1733.76,86.688,1647.072
881,28,38,5,161,2,20.0,93.84,18.768,75.072
672,9,21,5,204,7,5.0,2364.39,118.2195,2246.1704999999997
549,56,21,5,354,18,10.0,6079.86,607.986,5471.874
492,27,20,5,230,13,20.0,4239.3,847.8600000000001,3391.44
387,6,39,5,85,11,0.0,1757.6899999999998,0.0,1757.6899999999998
680,49,20,7,85,15,0.0,4891.5,0.0,4891.5
148,87,12,5,497,15,20.0,4827.0,965.4000000000001,3861.6
321,57,12,5,281,7,10.0,2252.6,225.26,2027.34
752,29,12,5,205,5,15.0,1609.0,241.35,1367.65
280,72,26,5,58,5,20.0,1932.9499999999998,386.59,1546.36
510,12,27,5,58,15,15.0,470.55,70.5825,399.96750000000003
836,1,30,5,454,12,10.0,1763.7599999999998,176.37599999999998,1587.3839999999998
215,85,30,5,128,4,15.0,587.92,88.18799999999999,499.73199999999997
264,19,46,5,448,18,5.0,8382.779999999999,419.13899999999995,7963.640999999999
286,92,5,5,59,8,15.0,780.96,117.144,663.816
850,26,4,6,59,19,0.0,4788.19,0.0,4788.19
648,64,45,5,16,4,10.0,1694.64,169.46400000000003,1525.1760000000002
98,39,43,6,16,4,10.0,770.48,77.048,693.432
698,93,45,5,475,8,10.0,3389.28,338.92800000000005,3050.3520000000003
761,66,1,5,148,8,10.0,3978.24,397.824,3580.4159999999997
832,36,1,5,502,16,15.0,7956.48,1193.472,6763.008
954,97,43,6,465,8,0.0,1540.96,0.0,1540.96
880,26,4,6,77,10,20.0,2520.1,504.02,2016.08
585,52,33,6,372,5,20.0,2385.05,477.01000000000005,1908.0400000000002
545,2,11,6,485,5,10.0,1296.6,129.66,1166.9399999999998
587,64,41,6,49,19,5.0,2689.4500000000003,134.47250000000003,2554.9775000000004
754,57,41,6,227,17,10.0,2406.3500000000004,240.63500000000005,2165.715
973,82,29,6,285,16,15.0,3844.32,576.648,3267.672
106,34,17,6,63,3,15.0,1361.97,204.2955,1157.6745
433,79,17,6,34,2,0.0,907.98,0.0,907.98
334,90,5,7,34,18,10.0,1757.16,175.716,1581.444
493,93,6,6,407,7,0.0,1326.99,0.0,1326.99
170,99,8,6,74,11,10.0,3995.8599999999997,399.586,3596.2739999999994
489,67,47,6,132,16,20.0,712.0,142.4,569.6
13,87,32,6,539,12,5.0,4516.5599999999995,225.82799999999997,4290.732
557,64,32,6,412,18,15.0,6774.84,1016.226,5758.6140000000005
862,34,2,6,442,18,15.0,1731.6000000000001,259.74,1471.8600000000001
715,89,2,6,344,6,15.0,577.2,86.58,490.62000000000006
674,15,24,6,131,7,10.0,1782.2,178.22000000000003,1603.98
360,25,24,6,251,6,10.0,1527.6,152.76,1374.84
681,69,24,6,457,18,15.0,4582.8,687.42,3895.38
256,17,24,7,457,16,15.0,4073.6,611.04,3462.56
899,87,12,6,235,6,10.0,1930.8000000000002,193.08000000000004,1737.7200000000003
846,9,27,6,89,1,20.0,31.37,6.274000000000001,25.096
422,50,30,6,345,2,10.0,293.96,29.396,264.56399999999996
495,50,5,6,498,15,10.0,1464.3000000000002,146.43000000000004,1317.8700000000001
783,2,37,6,460,17,5.0,8336.12,416.80600000000004,7919.314
142,13,16,6,181,6,0.0,1491.0,0.0,1491.0
133,12,16,6,359,18,20.0,4473.0,894.6,3578.4
179,96,18,6,531,11,15.0,2451.35,367.7025,2083.6475
205,78,18,6,14,14,10.0,3119.9,311.99,2807.91
930,32,28,6,349,4,20.0,1989.32,397.86400000000003,1591.456
363,56,40,6,292,11,20.0,1139.05,227.81,911.24
546,26,13,7,399,9,10.0,1194.57,119.457,1075.1129999999998
393,3,13,7,367,17,20.0,2256.41,451.282,1805.128
224,58,29,7,440,19,10.0,4565.13,456.51300000000003,4108.617
758,33,8,7,440,17,20.0,6175.42,1235.084,4940.336
274,45,29,7,102,1,20.0,240.27,48.054,192.216
652,100,44,7,175,13,10.0,2644.2000000000003,264.42,2379.78
819,9,8,7,140,12,0.0,4359.12,0.0,4359.12
379,49,45,7,140,16,15.0,6778.56,1016.784,5761.776000000001
847,74,8,7,51,18,0.0,6538.68,0.0,6538.68
807,89,47,7,167,16,10.0,712.0,71.2,640.8
186,99,35,7,86,19,5.0,5336.150000000001,266.80750000000006,5069.342500000001
420,54,28,7,86,13,15.0,6465.29,969.7935,5495.4965
948,87,50,7,200,17,10.0,3157.58,315.75800000000004,2841.822
863,91,50,7,330,10,20.0,1857.4,371.48,1485.92
635,5,42,7,207,1,5.0,247.79,12.3895,235.4005
322,75,42,7,158,7,15.0,1734.53,260.17949999999996,1474.3505
825,86,32,7,221,14,10.0,5269.32,526.932,4742.388
923,63,3,7,57,7,5.0,132.01999999999998,6.600999999999999,125.41899999999998
718,72,38,7,366,15,5.0,703.8000000000001,35.190000000000005,668.61
826,11,38,7,35,3,5.0,140.76,7.038,133.72199999999998
980,19,36,7,269,14,10.0,4065.88,406.588,3659.292
952,67,21,7,532,18,20.0,6079.86,1215.972,4863.888
623,94,20,7,312,8,0.0,2608.8,0.0,2608.8
597,70,39,7,6,11,0.0,1757.6899999999998,0.0,1757.6899999999998
840,40,26,7,351,17,15.0,6572.03,985.8045,5586.2255
243,42,30,7,44,19,5.0,2792.62,139.631,2652.989
236,74,5,7,44,8,10.0,780.96,78.096,702.864
339,28,37,7,209,4,20.0,1961.44,392.288,1569.152
441,98,18,7,153,12,0.0,2674.2,0.0,2674.2
506,21,18,7,36,9,5.0,2005.6499999999999,100.2825,1905.3674999999998
354,46,40,7,461,18,15.0,1863.8999999999999,279.585,1584.3149999999998
